"Baffle ""Birth: Nailed It"" Blue Text White Onesie",Apparel
AHOO Women's T Shirt Eastern Washington University 32 DeepHeather,Apparel
ANGVNS Ladies Women Sexy Floor Length Strapless Long Dress for Party,Apparel
ANGVNS Women's Short Sleeve Off Shoulder White Cotton Top T-shirt Blouse,Apparel
Abercrombie & Fitch Women Front Graphic Tee (Large Dark Grey Heather),Apparel
Alexander Del Rossa Mens Satin Pajamas Short V-Neck Pj Set,Apparel
Amdirect 100W Manicure Pedicure Paraffin Warmer Waxing 400ml 220V Wax Heater Salon Spa,Apparel
Amdirect 3M Adjustable Feet Training Speed 8-rung Agility Ladder for Soccer Football Fitness,Apparel
Amdirect 5 Drawer Jewelry &amp; Cosmetic Storage Organizer Clear,Apparel
Amdirect Foldable Laundry Basket Double Washing 2 Sections Clothes Sorter Basket Storage Hamper,Apparel
Amdirect Folding Bungee Chair Lounge for Dorm Room or Back Yard Camping Patio Lawn,Apparel
Amdirect Heavy Duty Clothes Movable Shelf Hanger Commercial Grade Clothing Garment Rolling Rack,Apparel
Amdirect Musical Instrument Classic Acoustic Beginners Children's 6 String Toy Guitar,Apparel
Amdirect Nail Polish Display Black Wire Metal Organizer Wall Rack 120 Bottle,Apparel
Amdirect New Bicycle Steel Double Leg Side Kickstand Stand,Apparel
Amdirect Professional 252 Colors Ultimate Eyeshadow Palette Cosmetic Makeup Kit Box,Apparel
Amdirect Rotating Adjustable Black Metal Floor Stand 35 Hat 7 Tier Cap Display Retail Hat Rack,Apparel
Angelina Womens Cozy Pajama Set,Apparel
BLACK LIVES MATTER t-shirt protest tyranny,Apparel
Bali Passion For Comfort Minimizer Underwire Bra,Apparel
Belfry Gangster 100% Wool Stain-Resistant Crushable Dress Fedora in 4 Colors,Apparel
Bella 8800 Ladies 3.7 oz. Flowy Racerback Tank Red Marble Large,Apparel
Big Texas Flag - Distressed - Toddler Little Boy Hoodie Sweatshirt,Apparel
Blair Women's Ruffled Henley Top,Apparel
COCOLEGGINGS Womens Fold Over Waist Wide Leg Printed Bell Bottom Pants,Apparel
Columbia Women's Benton Springs Full-Zip Fleece Jacket,Apparel
Darth Vader T-shirt Pull My Finger and You Will Know the Power of the Dark Side T-Shirt (S-5X),Apparel
Deez Nuts for President 2016 Men's Humor Funny T-Shirt,Apparel
Deluxe Batman Gloves Costume Accessory,Apparel
Denim Shampoo - The Original Denim Wash,Apparel
Easy Tool Stainless Steel Fruit Pineapple Corer Slicer Peeler Cut (One size sliver),Apparel
Fashionable First Class Quality and Comfortable Tank Tops for Women,Apparel
Flowy Womens Mommy Strong Sexy Racerback Gym Tank Top Funny Threadz Shirt,Apparel
Fruit of the Loom Boys' A-Shirt (Pack of 4),Apparel
Gildan Men's Heavy Blend Crewneck Sweatshirt - Large - White,Apparel
Glamorise Women's #1006 Full-Figure Sports Bra,Apparel
HBO'S Game of Thrones Men's Targaryen Sigil T-Shirt,Apparel
Harriton Men's Barbados Textured Camp Shirt,Apparel
JAEDEN Women's Beaded Spaghetti Straps Sexy Long Formal Prom Evening Dresses,Apparel
James Fiallo Men's 12-Pairs Low Cut Athletic Sport Socks,Apparel
Jerzees Men's Super Sweats Crew Neck Sweatshirt,Apparel
Jockey Scrubs Womens Maximum Comfort Pant,Apparel
Jockey Women's Underwear Elance Brief - 3 Pack,Apparel
Jockey Women's Underwear Supersoft Brief - 3 Pack,Apparel
K Sera Sera Men's Tie Neckties Set for Gift Cufflinks+clips+handkerchief,Apparel
KRISP Women's Short Sleeve Pleated Front V-Neck Blouse Top Banded Hemline,Apparel
KUFF Push-up/Regular Silicone Bra (Detachable straps included),Apparel
LaSuiveur Crop Top Sleeveless Two Pieces Skirts Strapless Bodycon Midi Dresses,Apparel
Levi's Boys' 514 Straight Fit Jeans,Apparel
Levi's Men's 501 Original-Fit Jean,Apparel
Lilyette Women's Enchantment Three-Section Unlined Minimizer Underwire Bra,Apparel
Luouse Women Vintage 1950's Style 3/4 Sleeves Garden Floral Print Windbreaker Dress,Apparel
Match Men's Athletic Fit Straight Leg Casual Pants,Apparel
Meaneor Women's Long Sleeve Casual Slim Fit Flare Pleated Round Neckline Dress,Apparel
Minimalist Wallet & Credit Card Holder Men with Slim Design by Raw,Apparel
New Womens Long Sleeve Blouse Tops Round Neck Plaid Checked Loose Shirt,Apparel
Norfolk Branded Men's Cushioned Running / Jogging Ankle Sports Socks - Owens,Apparel
Oops Outlet Women's Strappy Cami Cut Off Shoulder Flared Swing Midi Skater Dress,Apparel
PUMA Men's BMW Team Polo,Apparel
Pink Queen&reg; Womens Fold Over Waist Loose Wide Leg Pants Palazzo Pants,Apparel
Pink Queen&reg; Womens High Waisted Loose Wide Leg Pants Palazzo Pants,Apparel
Pink Queen&reg; Womens Sleeveless Bodycon Bandage Knee Length Midi Dress,Apparel
QueenFee Women's O-neck Boho Long Maxi Dress Blue Small,Apparel
RFID Blocking Stylish Genuine Leather Wallet for Men - Excellent as Travel Bifold,Apparel
Road to Valhalla Tour Coma-Doof Warrior Mad Max Fury Road Unisex shirt,Apparel
Robes King RK Classical Sleepwear Mens Broadcloth Woven Pajama Set,Apparel
SEOBEAN Mens Low Rise Sexy Sport Swimwear Trunk Boxer Brief Bikini Swimsuit,Apparel
Sentimental NY Womens Clubwear Mini Lace Dress W/ 2-Way Zipper Back,Apparel
Simply Southern Tees Long Sleeve Preppy Lobsters Bubblegum,Apparel
Soft Long Sleeve Polo Mock Turtleneck T-Shirt Stretch Top XS-L,Apparel
Steampunk Victorian Costume Ulysses Side-Button Linen Shirt [Orange],Apparel
SweetBridal Sweetheart Sleeveless Halter Evening Dress,Apparel
The North Face Women's ThermoBall Hybrid Hoodie - Magic Magenta,Apparel
Trendy Suck It Up Buttercup Womens Burnout Tank Top,Apparel
V28 Women Cowl Neck Knit Stretchable Elasticity Long Sleeve Slim Fit Sweater Dress,Apparel
VIV Collection Best Selling Printed Brushed Leggings Plus Size (L - XXL) Listing 1,Apparel
Vanity Fair Women's Perfectly Yours Ravissant Tailored Brief Panty,Apparel
Waboats Summer Women Cusual Loose Round Neck Cotton & Linen Dress Beige,Apparel
Wacoal Women's B Smooth Hi-Cut Brief Panty High/Rise 2X-Large,Apparel
Warner's Women's No Wedgies No Worries Modern Brief Panty,Apparel
Women Blue and Black Dresses under $25 for all Occasion,Apparel
Women Pencil Skirts under $20 for all Occasion,Apparel
Women Pleated Skirts under $20 for all Occasion,Apparel
Women's Long Sleeve Chiffon A-line Lace Stitching Trim Mini Dress,Apparel
Women's Vintage Boat Neck Audrey Hepburn Sleeve 1950s Rockabilly Cocktail Party Dress,Apparel
Womens Maxi Boho Summer Long Skirt Evening Cocktail Party Dress,Apparel
Womens Summer Open Shoulder Chiffon Shift Dress,Apparel
Wookrays Heavy Duty Basketball Metal Chain Net Official Size Rims Hoop 10 Loop Steel Basketball Net,Apparel
Yazubi Men's Chino Pants Kyle Slim-Tapered Casual Pants,Apparel
iLover Women Deep-V Neck Elegant Short Sleeve Vintage Bridesmaid Dress,Apparel
"Premium Quality 20 New Diamond Series Sqaure Empty Clear Plastic Cosmetic Containers 5 Gram Size Pot Jars Eyshadow Container Lot Size: Diameter: 1 1/2"" x 1 1/2"" (Comes With 1 Free Myo Eyeshadow Sample)",Beauty
#1 Blackhead & Blemish Remover Kit - Equinox Acne Treatment - 5 Professional Surgical Extractor Instruments - Easily Cure Pimples Blackheads Comedones Acne and Facial Impurities,Beauty
12 New High Quality Amber 2 ml (5/8 Dram) Glass Bottles with Orifice Reducer and Black Cap.,Beauty
6packs Eyelashes - 747S by Christina,Beauty
Alba Botanica Sunless Tanning Lotion 4 Ounce,Beauty
Andrea Eye Q's Ultra Quick Eye Makeup Remover Pads 65-Count (Pack of 3),Beauty
Antifungal Soap with Tea Tree Oil & Neem 12oz. Helps Wash Away Athletes Foot Body Odor Acne Jock Itch Nail Fungus Ringworm. Foot & Body Wash. 100% Natural Care & Defense Against Skin Irritation,Beauty
Ardell Brow Sculpting Gel - Clear 7.3ml/0.25oz,Beauty
Artnaturals Tea Tree Essential Oil,Beauty
AuraLux Skin Snake Venom Peptide Cream 5% SYN-AKE 1.0 fl. oz/30mL,Beauty
Australian Gold SPF 50 Kids Lotion 8 Ounce,Beauty
Baby Foot Exfoliant Foot Peel Lavender Scented 2.4 Fl. Oz.,Beauty
Bifesta Mandom Eye Makeup Remover 145ml,Beauty
Biore UV Aqua Rich Watery Essence SPF50+/PA++++ (pack of 2),Beauty
Brut Deodorant Round Solid 2.5 Ounces (Pack of 6),Beauty
Burt's Bees Eye Cream for Sensitive Skin 0.5 Ounces,Beauty
Can You Handlebar All-Natural Secondary Moustache Wax : Extra Strength Firm Hold,Beauty
Carolina Herrera 3.4 fl oz Eau De Toilette Spray for Men,Beauty
Clogged Pores Natural Cleansing Kit - Vegan Cleanser Face Wash Soap 3.4 oz and Facial Cream 1.7 oz Care - Shea Olive Jojoba Tea Tree & Almond Oils Blend Set,Beauty
Clubman Club Mend 4 Fluid Ounce,Beauty
Clubman Superhold Styling Gel 16 oz,Beauty
Conair Folding Dryer,Beauty
Conair Xtreme Instant Heat Jumbo And Super Jumbo Hot Rollers,Beauty
CoverGirl Queen Collection Perfect Point Plus Eyeliner Black Onyx 200,Beauty
Crest Pro-Health Advanced Mouthwash with Extra Deep Clean,Beauty
Cynergy Health Science Organic Vitamin C Serum - 20% Vitamin C Serum plus Vegan Hyaluronic Acid with Aloe for Reducing Sun Spots Age Spots Anti-Aging and Anti-Wrinkle Skin,Beauty
David Beckham Homme Cologne By David Beckham For Men,Beauty
DenTek Temparin One Step Max Hold 2.64 gram,Beauty
Deva Curl Light Defining Gel 32 oz,Beauty
Diane D722 Color Perm And Conditioner Processing Caps - 100-Pack - Clear,Beauty
Dotting 5 X 2 Way Marbleizing Dotting Pen Set for Nail Art Manicure Pedicure 4 Ounce,Beauty
Dove Men+Care Body and Face Bar Extra Fresh 4 oz 10 Bar,Beauty
Dr Song Benzoyl Peroxide 10% Acne Cream Gel Treatment Lotion up to 8oz,Beauty
Dudu-Osun African Black Soap 150g (6 pack),Beauty
E.L.F Powder Puffs,Beauty
ECBASKET 500 PCS Stiletto False Nails Short Acrylic Nail Tips 10 sizes Full Coverage Fake Nails(Natural),Beauty
EM-3513W Sleep Mask,Beauty
Elemis Pro-Collagen Marine Cream - 1.7 fl. oz.,Beauty
Elysee Infusion Skin Therapy Elixir 2oz.,Beauty
Estee Lauder Pleasures Flower Eau De Parfum Spray 75ml/2.5oz,Beauty
Etude House Fresh Cherry Tint # 02 RD301,Beauty
EyeBuyExpress Rectangle Black Reading Glasses Half Rim Spring Hinges,Beauty
Goddess Remi Human Hair Weave Bump - Trio 2 4 6,Beauty
Grand Parfums Empty 2ml Amber Glass Micro Mini Rollon Dram Glass Bottles with Metal Roller Balls - Refillable Aromatherapy Essential Oil Roll On - Bulk - 1/2 Dram Pack of 6 -,Beauty
Greenwich Bay CUCUMBER OLIVE OIL Shea Butter Hand & Body Lotion Enriched with Cocoa Butter 16 oz,Beauty
HSI Professional Glider | Ceramic Tourmaline Ionic Flat Iron Hair Straightener | Straightens & Curls with Adjustable Temp | Incl Glove Pouch & Travel Size Argan Oil Hair Treatment | Packaging Varies,Beauty
Hoyts Original Cologne 1868,Beauty
India Temple Incense - Song of India - 120 Stick Large Box,Beauty
InstaNatural Cellulite Cream - With Caffeine and Retinol - Firming Lotion and Dimple Remover for Legs Arms Stomach Buttocks and More - No Wrap Needed - With Jojoba Oil and Vitamin E - 4 OZ,Beauty
InstaNatural Eye Gel Cream - Wrinkle Dark Circle Fine Line & Redness Reducer - Pure & Organic Anti Aging Blend for Men & Women with Hyaluronic Acid - Fight Bags & Lift Skin Under Eyes â€“ 50mlâ€¦,Beauty
Its a 10 it&#39s a 10 Miracle Leave-in Plus Keratin (4.0 oz),Beauty
Jenna Jameson Heartbreaker Perfume parent,Beauty
Jerdon J1015 LED Lighted Makeup Mirror with 5x Magnification White Finish,Beauty
Joy & Karma Topical Vitamin C Anti Aging Serum for Face with Hyaluronic Acid 1 fl oz,Beauty
Julep Stargazer Gel Eye Gliders,Beauty
Kenz Laurenz Â® Cotton Headbands 12 Pack (Available in LOTS of COLORS) - Soft and Stretchy Elastic Yoga Fashion Headband for Teens Women Girls Softball Volleyball Soccer Basketball Dance Cheer Pack Sports Teams Stretch Head Band Set Hair Wrap Accessories Wholesale by Kenz Laurenz,Beauty
Korean Cosmetics_Isa Knox X2D2 Original Hydra Serum_50ml,Beauty
L'Oreal Paris Excellence CrÃ¨me with Pro-Keratine Complex,Beauty
L.A. Girl Matte Flat Finish Pigment Gloss,Beauty
Majestic Pure Essential Oil 100% Pure and Natural with Therapeutic Grade Premium Quality Oil 4fl,Beauty
Maybelline Great Lash Washable Mascara Clear [110] 1 ea,Beauty
Maybelline New York The Nudes Eye Shadow Palette 0.34 oz.,Beauty
Mederma Advanced Scar Gel (50 g),Beauty
Mens Durable Shave Soap Cup Shinning Stainless Steel Shaving Mug Bowl,Beauty
Merkur Futur MK 23C Long-Handled Traditional Double Edge Safety Razor - Excellent Comfort Control and Design - 4.2 Inches Chrome Finish,Beauty
Murad Clarifying Cleanser,Beauty
Nubian Heritage Coconut & Papaya Soap,Beauty
OPTP Original McKenzie Cervical Roll - (703) Pillow for spine and neck support during sleep,Beauty
Olay Smooth Finish Facial Hair Removal Duo - Medium To Coarse Hair Pack of 2 Box.,Beauty
Old Spice Men's Shaver,Beauty
Oral-B Vitality Prowhite Rechargeable Electric Toothbrush 1 Count,Beauty
Orly Nail Lacquer 06 Fluid Ounce,Beauty
PURA DOR Organic Moroccan Argan Oil 100 Percent Pure Cold Pressed and USDA Organic Anti-Aging For Face Hair Skin and Nails 4 Fluid Ounce,Beauty
Palladio Rice Powder,Beauty
Paris Woman Perfume impression of Paris Hilton for Women,Beauty
Philips Sonicare Essence Rechargeable Electric Toothbrush,Beauty
Philips Sonicare Powerup Battery Toothbrush,Beauty
Premium Makeup Sponge Blender Duo â€“ Black and Pink Egg Shaped Colorful Cosmetic Appliator set - Use This Ecotools for Blending Wet or Powder Foundation and Concealer - Get the Quality for Less Price!,Beauty
Proganix Agave Nectar Plus Silica Curling Cream Plus Defrizzant 6 Ounce,Beauty
Revlon Perfect Heat Jumbo 3 Barrel Waver,Beauty
Rose Water,Beauty
Schick Hydro Silk TrimStyle Moisturizing Razor,Beauty
Shea Butter,Beauty
Skulls and Roses Ed Hardy Eau De Parfums for Women,Beauty
Super 6 Serum- w Vitamin C 22% + Hyaluronic Acid + 2.5% Retinol + CoQ10 for 6X Anti-Aging Benefits w Best Natural Astaxanthin & Niacinamide to Fight Wrinkles Fine Lines Acne & Spotsâ€¦,Beauty
Sweet Almond Oil for Skin Hair and Face - Large 16oz - WITH PUMP + FREE Recipe eBook! - All Natural Sensual Massage Oil - Use with Essential Oils and Aromatherapy as a Carrier and Base oil,Beauty
Swissco Suction Cup Mirror 12x Magnification 5 inches,Beauty
System 2 Noticeably Thinning For Fine Hair Kit Nioxin 10.1oz Cleanser 5.07oz Scalp Therapy 3.38oz Scalp Treatment Unisex 3 Pc Kit,Beauty
TRESemmÃ© PERFECTLY (UN)DONE Hair Spray 7.7 oz,Beauty
The Naked Bee Vitmin C Moisturizing Sunscreen SPF 30 5.5 oz (163 ml.),Beauty
TheraBreath Dry Mouth Lozenges,Beauty
UltraSwim Chlorine Removal Shampoo 7 fl oz (207 ml),Beauty
Unite Smoothing Shampoo & Condition 10oz 300ml Duo Set,Beauty
Vintage Lil' Sponge Holder,Beauty
Viviscal Extra Strength Hair Nutrient Tablets,Beauty
Waterpik Aquarius Water Flosser,Beauty
XTAVA Define Lashes Volumizing Waterproof Mascara (Black) - Long-wear Formula with Easy-On Easy-Off Technology (TM) - Fiber Thickening & Lash Lengthening Voluminous Mascara - Smudge Clump and Flake Resistant - Cruelty Free,Beauty
YEOUTH Best Anti Aging Vitamin C Serum with Hyaluronic Acid & Tripeptide 31 Trumps ALL Others. 100% Guaranteed,Beauty
Alprazolam,Drug
Amitiza,Drug
Amitriptyline,Drug
Aripiprazole,Drug
Ativan,Drug
Atripla,Drug
Augmentin XR,Drug
Azithromycin,Drug
Buprenorphine,Drug
Buprenorphine / naloxone,Drug
Bupropion,Drug
Cialis,Drug
Clomiphene,Drug
Clonazepam,Drug
Contrave,Drug
Daytrana,Drug
Dextromethorphan,Drug
Docusate / senna,Drug
Doxycycline,Drug
Drospirenone / ethinyl estradiol,Drug
Dulaglutide,Drug
Dulcolax,Drug
Effexor XR,Drug
Eflornithine,Drug
Elbasvir / grazoprevir,Drug
Estradiol,Drug
Etanercept,Drug
Ethinyl estradiol / levonorgestrel,Drug
Ethinyl estradiol / norgestimate,Drug
Etonogestrel,Drug
Fluconazole,Drug
Fluoxetine,Drug
Fluvoxamine,Drug
Gildess Fe 1 / 20,Drug
Guanfacine,Drug
Imitrex,Drug
Implanon,Drug
Intuniv,Drug
Keppra,Drug
L-methylfolate,Drug
Lamotrigine,Drug
Latuda,Drug
Ledipasvir / sofosbuvir,Drug
Levonorgestrel,Drug
Liraglutide,Drug
Lithium,Drug
Lo Loestrin Fe,Drug
Lybrel,Drug
Metaxalone,Drug
Mobic,Drug
Monistat 7-Day Combination Pack,Drug
Morphine,Drug
MoviPrep,Drug
Nature-Throid,Drug
Nexplanon,Drug
Nilotinib,Drug
NuvaRing,Drug
Opdivo,Drug
Ortho Evra,Drug
Oxcarbazepine,Drug
Oxycodone,Drug
Pentasa,Drug
Phillips' Milk of Magnesia,Drug
Plan B One-Step,Drug
Prepopik,Drug
Pyridium,Drug
Qvar,Drug
Sertraline,Drug
Sildenafil,Drug
Spironolactone,Drug
Sronyx,Drug
Symbyax,Drug
Tamsulosin,Drug
Tioconazole,Drug
Topiramate,Drug
Toradol,Drug
Trazodone,Drug
Tretinoin,Drug
Trilafon,Drug
Trimethoprim,Drug
Valsartan,Drug
Venlafaxine,Drug
Viberzi,Drug
Wellbutrin,Drug
"10-11mm Baroque Freshwater Cultured Pearl Endless Necklace 32"" 60"" 64"" In Dyed and Natural Colors",Jewelry
"14K Yellow Gold Braided Rope Bracelet 7.25""",Jewelry
"16g Clear Curved Eyebrow Ring Body Jewelry Piercing Retainer with O Ring 16 Gauge 3/8"" By Eg Gifts",Jewelry
"3-row White A Grade Freshwater Cultured Pearl Necklace (6.5-7.5mm) 16.5"" 17""/18""",Jewelry
"Authentic ""Retired"" Murano Glass Crystal Charm Bead for Pandora Bracelets Black /white Swirly Swirl 790676 Threaded Core 925 Sterling Silver for Chamilia Too",Jewelry
"Chain 22K 23K 24K THAI BAHT GOLD GP NECKLACE 24"" 50 Grams Jewelry",Jewelry
"Disney ""Princess"" Girl's Sterling Silver Pink Cubic Zirconia Heart Pendant Necklace and Chain 18""",Jewelry
"Dogeared Reminder ""Good Luck"" Elephant Pendant Necklace 16""",Jewelry
"Industrial Barbell Black Titanium Anodized 14G 1 1/2""Length",Jewelry
"Pro Jewelry Dangling ""Cat w/ Heart"" Clip-on Bead for Charm Bracelet 04843",Jewelry
"Silver Tone Micro Baby Angel Pendant 2mm 24"" Box Chain Necklace MMP1RBX",Jewelry
"Sterling Silver Circle ""Friends Forever"" Infinity Symbol Pendant Necklace 18""",Jewelry
"Sterling Silver Family Pendant Necklace 18""",Jewelry
(C) Smiley Face Sun Charm,Jewelry
1 Pair of 00 Gauge (00G - 10mm) Double Flare Emerald Green Glass Tunnel Plugs,Jewelry
14 Karat White Gold Heart Shape 1.00 Carats Created Alexandrite Diamond Pendant,Jewelry
2.95 Ct Halo Cubic Zirconia Stainless Steel Engagement Ring Band Women's Sz 5-10,Jewelry
21 ct. Oval CZ Solitaire Ring,Jewelry
3 Ring Guards 14K Gold Filled Ladies Jewelry Sizers,Jewelry
316L Stainless Steel Apple Green Cubic Zirconia CZ Eternity Wedding 3MM Band Ring,Jewelry
6MM Ladies Eternity Titanium Ring Cubic Zirconia Wedding Band with CZ sizes 4 to 9,Jewelry
6mm Wide 316L Stainless Steel Ring 5 clear CZ gem Band,Jewelry
8mm Men's Titanium Ring Wedding Band Silver Black Round Cubic Zirconia Size 7-15 SPJ,Jewelry
925 Sterling Silver Celtic Knot Eternity Band Ring,Jewelry
925 Sterling Silver Cubic Zirconia CZ Promise Engagement 2.15 ct.tw Band Ring,Jewelry
925 Sterling Silver Finish 6ct Simulated Diamond Stud Set,Jewelry
925 Sterling Silver Sis Sister Heart Charm Bracelet,Jewelry
A Pair Nipple rings Flower shape Nickel free nipple shield Copper fashion women body piercing jewelry,Jewelry
Beads Hunter 925 Sterling Silver Gold on Blue Starbursts Glass Bead Fits European Bracelet,Jewelry
Black Stainless Steel Dragon Stud Earrings for Men,Jewelry
Black Stainless Steel Illusion Round Tunnel Plug Post Stud Earrings 5mm,Jewelry
Body Accentz&reg; Belly Button Navel Ring Body Jewelry 14g Double Gem Lot of 8,Jewelry
CHOOSE YOUR COLOR Sterling Silver Heart Promise Ring,Jewelry
Cascading strands of Gray and White Faux Pearls - Gunmetal Steel and White Pearls,Jewelry
Cavalier Jewelers 8MM Cobalt Chrome Ring Wedding Band - Flat Brushed Top and Polished Finish Edges,Jewelry
Claire's Accessories Girls Gold Chain Link Stretch Bracelet,Jewelry
Crystal Stretch Adjustable Ring,Jewelry
DSJ Stainless Steel Rose Wood Inlay Silver Beveled Edge Band Ring,Jewelry
Dainty Double Initial Necklace with Adjustable Chain and Extender,Jewelry
Disney Tsum Tsum Dumbo Pin,Jewelry
EVER FAITH Austrian Crystal Vintage Style 4.5 Inch Parrot Brooch Pendant,Jewelry
Essential Oils Aromatherapy Diffuser Locket Necklace,Jewelry
Everbling Purple and Clear Briolette Drop Swarovski Elements Crystal Earrings,Jewelry
Exquisite Mens Bangle Bracelet Stainless Steel Cuff Bracelet Grooved Polished and Satin,Jewelry
FAIRY COUPLE Women's Cubic Zirconia Eternity Bands Engagement Ring R21,Jewelry
Fun Daisy New Design Jewelry Vintage Grand Choker Rhinestones Fashion Necklace,Jewelry
GULICX Jewelry Rose Gold Tone Hollow Clear CZ Zircon Fit Gorgeous Hoop Earring for girl,Jewelry
Genuine Natural Baltic Amber Adjustable Stretch Ring for Women,Jewelry
Goldtone with Fashionable Woman Adjustable 17 Inch Rolo Chain Necklace with Matching Stud Earrings Set (B-2698),Jewelry
Harry Potter golden snitch OWL Style Flying ball necklace,Jewelry
Heirloom Finds Sparking Crystal Kitten Cat Animal Pendant Necklace Silver Tone,Jewelry
Hokage Naruto Pendant Necklace Double Bands Konoha Sign,Jewelry
Horizontal Sideway Lateral Cross Pendant Necklace Stainless Steel with 20 inches Chain,Jewelry
Hypoallergenic Sterling Silver Aurora Borealis Aqua Crystal Round Stud Earrings for Kids (Nickel Free),Jewelry
JOTW Heart Bracelet 12mm Cuban Link Toggle Chain Iced Out Sparkling Crystal Stones Bracelet for Women (S-1660),Jewelry
Jenaforte Â© .925 Sterling Silver Expandable Charm Bangle Bracelets Expandable Available in Size's,Jewelry
Jenaforte Â© .925 Sterling Silver Expandable Charm Bangle Bracelets with Mix Charms,Jewelry
Jenaforte Â© .925 Sterling Silver Rhodium Plated Enameled Red Crab Charm,Jewelry
JewelrieShop Unisex Handmade Raw Made Real Genuine Leather Cuff Bracelet Wristband Adjustable,Jewelry
KONOV Mens Stainless Steel Ring Classic Vintage Blue,Jewelry
KONOV Mens Stainless Steel Ring Gothic Skull Hand Claw Poker Playing Card Black,Jewelry
Kenneth Cole New York Two-Row Necklace,Jewelry
Large Watch/Cuff Bracelet Jewelry Gift Box: Carnival Collection,Jewelry
MBOX Expandable Antique Gold ToneAntique Sliver Tone & Antique Bronze Letters Wire Bangle Bracelet,Jewelry
Magnoli Clothiers Doctor Who Style Capaldi Ring,Jewelry
Metal Factory 925 Sterting Silver Plumeria Cubic Zirconia CZ with Maile Leaf Hawaiian Flower Band Ring,Jewelry
NINABOXÂ® Valentine's Gifts SWAROVSKI ELEMENTS Zirconia Tennis Bracelet Fashion Wedding Jewelry,Jewelry
NermixÂ® Harry Potter Time-Turner Rotating Hourglass Pendant Alloy Necklace (Golden),Jewelry
Non-piercing Septum Jewelry: Gold Silver Tone Tribal Hanger 4 pcs Nose Ring (No Piercing Required),Jewelry
Pair of 2 Rings: 16g 1/2 Inch Surgical Steel Segment Hoop Ring Circular Barbell Earrings,Jewelry
Remedios Bridal Flower Side Hair Comb Wedding Accessory Rhinestone Headpiece,Jewelry
Rope Braided Band Simulated Coral Fashion Bali Ring New .925 Sterling Silver Sizes 6-9,Jewelry
Royal Blue/White KC ROYALS Silver Tone Multi Charm Toggle Bracelet Kansas City Sports,Jewelry
SHINYSO 22'' 2.0mm Stainless Steel Silver Women's Necklace O Chain-22 Inch,Jewelry
SUNNOW Women Grils Bohemian Jewelry Alloy Pendant Multilayer Short Necklace,Jewelry
SankuwenÂ® Fashional 7pcs Stack Plain Rings Cute Eye Bowknot Crown Rhinestone Joint Rings,Jewelry
Scheppend Polymer Clay Cute Cartoon Fox Handmade Stud Earrings Â¡Â­,Jewelry
Set of 3 Nose Rings: 22g Sterling Silver CZ Nose Studs - Clear Pink & Light Purple,Jewelry
Skyvan One Piece Bride Ankle Bracelet Crochet for Women Sandals Beach Foot Jewelry Anklet Rhinestone Barefoot,Jewelry
Stainless Steel Designer Inspired Screw Head Oval Bangle Bracelet Rose gold 7mm Wide (8 Inches),Jewelry
Sterling Silver 2ct Diamond Three Row Bracelet,Jewelry
Sterling Silver 3mm 24 Inch Beaded Rosary Necklace with Dangling Cross (I-1520),Jewelry
Sterling Silver 8-9mm White Hand-pick Genuine Cultured Freshwater Pearl High Luster Stud Earring.,Jewelry
Sterling Silver Bezel-Set Faceted Circle CZ Station by the Yard Necklace,Jewelry
Sterling Silver Faceted Genuine Amethyst Pear Shape Pendant and Earrings Set (19.50 cttw With 18 Inch Silver Chain),Jewelry
Sterling Silver Infinity Twist Bead Dangle Earrings,Jewelry
Sterling Silver Italian 1.4 mm Singapore-Chain Necklace,Jewelry
Sterling Silver Knitting Wool Ball Bead for European Charm Bracelets,Jewelry
Sterling Silver Plain 3 mm Classic Domed Wedding Band Thumb Ring (4 to 13),Jewelry
Surgical Stainless Steel Domed 9mm Fishbone Ring Wedding Band Comfort-Fit sizes 7 - 14,Jewelry
TEMEGO Jewelry Mens 2pcs Rhodium Plated Vintage Superman Symbol Wedding Cufflinks Shirt Cufflinks Black Silver,Jewelry
TIR-0008 Solid Titanium Rose Gold IP 6mm Wide Classic Band Ring; Comes With Free Gift Box,Jewelry
Women Gold Plated Jewelry set Red & Green Beads Crystal Necklace Earrings Bracelet Ring,Jewelry
Womens Copper Platinum Plated Tennis Bracelet with Cubic Zirconia Purple,Jewelry
YAZILIND Jewelry Full Pretty Dolphin Brooches and Pins for Wedding Party,Jewelry
YAZILIND Valentine Day Gift Cute y Lying Cat Ear Wire Hook Dangle Earrings,Jewelry
Zehui Chap Turquoise Beads Tibetan Silver Cute Elephant Stretch Bangle Bracelet,Jewelry
niceEshop(TM)Classic Vintage Champagne Cross Pendant With Chain,Jewelry
zjskin6688 store New fashion Hip-Hop African Map Pendant Wood Bead Rosary Necklaces,Jewelry
"Carolina Mens 6"" Waterproof Broad Composite Toe Work Boot",Shoes
"Timberland Pro Men's Titan 6"" Lace-to-Toe Safety Toe Boot",Shoes
"Women's Fun Design Lightweight & Comfortable Nurse Clogs Plus A FREE ""SHOP USA"" Brand Eyemask (RUNS BIG)(Paisley) 9",Shoes
ASICS Men's GEL-Contend 3 Running Shoe,Shoes
ASICS Men's GEL-Venture 4,Shoes
ASICS Men's Gel Kayano 21 Running Shoe,Shoes
ASICS Men's JB Elite Wrestling Shoe,Shoes
ASICS Women's GEL-Kayano 21 Running Shoe,Shoes
ASICS Women's GEL-Nimbus 16 Running Shoe,Shoes
AVIA Men's Avi-Union Service Shoe,Shoes
Aerosoles Women's Wip Zone Sandal,Shoes
Alegria Women's Seville Clog,Shoes
Anne Klein Perfect Pair Wristlet,Shoes
Ariat Women's Krista Pull-on Steel Toe Western Cowboy Boot,Shoes
BOBS from Skechers Women's Pureflex Fashion Slip-On Flat,Shoes
Baggallini Sling Crossbody,Shoes
Baggallini Town Tote -Giraffe Printed,Shoes
Birkenstock Unisex Como Thong Sandal,Shoes
Birki's Super Birki Unisex Clog,Shoes
Brooks Mens Ravenna 6,Shoes
Brooks Womens Ariel 14,Shoes
Bundle Monster Womens Vintage Satin Cocktail Party Handbag w/Shoulder Chain-BLACK,Shoes
Columbia Women's Bugaboot Snow Boot,Shoes
Comfy Feet Womens Snooki House Slippers,Shoes
Crocs Women's Capri Leopard Print Flip-Flop,Shoes
Crocs Women's Cyprus IV Heel,Shoes
Crocs Women's Shayna Realtree Xtra Mary Jane,Shoes
DC Men's Court Graffik SE Skateboarding Shoe,Shoes
DC Women's Haven SP Skate Shoe,Shoes
Dr. Marten's Women's 1460 Black Patent Lamper Boots,Shoes
Dr. Martens Mens Original 8053 Oxford,Shoes
Dunham Men's Blair Slip-On,Shoes
ECCO Men's Chander Retro Sneaker,Shoes
Etonic Women's Minado 5 MC W Walking Shoe,Shoes
FabuxryÂ® Casual Canvas Zipper Single Adjustable Strap Shoulder Bags Messenger Crossbody Handbags,Shoes
Foot Sox Original Sanitary Disposable Try on Socks,Shoes
Forever Link Womens Vera-82 Sandals,Shoes
G By Guess Women Varika Mary Jane Platform Pumps US,Shoes
Hi-Tec Kid's Nepal Waterproof Junior Hiking Boot (Toddler/Little Kid/Big Kid),Shoes
Hoka One One Conquest Ladies Running Shoes,Shoes
Hoka One One Men's Stinson Lite Shoe,Shoes
KEEN Women's Rose Slide Sandal,Shoes
LogoLenses Wedding Classic Sunglasses,Shoes
Lucky Brand Women's Lk-Emmie Ballet Flat,Shoes
Luxehome Women's Cozy Fleece House Slippers,Shoes
MESSI 15.3 FG/AG SOCCER SHOES (8.5),Shoes
MJ Eyewear New Vintage Classic Sunglasses Half Frame Semi-Rimless Retro Classic Glasses,Shoes
Men's Sebago Douglas,Shoes
Merrell Men's Mojave Mid Waterproof Hiking Boot,Shoes
Minnetonka Men's Double Deerskin Softsole Moccasin,Shoes
Mohem Men's Poseidon Fashion Sneakers Casual Walking Shoes Water Shoes,Shoes
MyLuxÂ® Women Fashion Designer Rhinestone Studs Tote Handbag 900,Shoes
Naturalizer Women's Happening Dress Sandal,Shoes
New Balance Men's MX608V4 Training Shoe,Shoes
New Balance Women's W850v1 Running Shoe,Shoes
New Balance Women's WW411 Health Walking Shoe,Shoes
Nike Men's KD VII BHM EP BHM-BLACK/WHITE-WOLF GREY,Shoes
Nike Womens Air Rift Mesh Trainers,Shoes
Nine West Women's Blustery Suede Ballet Flat,Shoes
Oakley Jupiter Non-Polarized Square Sunglasses,Shoes
Olukai Nohea Mesh Shoe - Men's,Shoes
OverBling Sneakers for Men Casual Men Shoes Genuine Leather Shoes Slip On Boat Loafers,Shoes
Propet Women's Mary Jane,Shoes
Puma Trinomic XS 850 Mi Mens Black Sneakers,Shoes
RYKA Women's Vida RZX Cross-Training Shoe,Shoes
Reef Women's Scrunch TX Flip-Flop,Shoes
Refresh Mara-06 Womens Ankle Strap Comfort Wide Band Platform Wedge Sandals,Shoes
Relic Caraway Double Shoulder Bag,Shoes
Rocket Dog Women's Wavey Hampton Cotton Santa Barbra Webbing Slip-On Shoe,Shoes
Salomon Women's Fellraiser W Trail Running Shoe,Shoes
Sanuk Women's On The Prowl Flat Shoe,Shoes
Saucony Originals Men's Jazz Low Pro Vegan Sneaker,Shoes
Shoe Goo Repair Adhesive for Fixing Worn Shoes or Boots Clear 3.7-Ounce Tube,Shoes
Shoes 18 Womens Canvas Shoes Lace up Sneakers 18 Colors Available,Shoes
Skechers Kids Damager Game Kicks Light-Up Sneaker,Shoes
Skechers Performance Women's Go Walk Extend Slip-On Walking Shoe,Shoes
Skechers Sport Men's Equalizer Persistent Slip-On Sneaker,Shoes
Skechers Sport Women's Loving Life Memory Foam Fashion Sneaker,Shoes
Skechers Women's Reggae Sun Fest Sandal,Shoes
Sperry Top-Sider Men's Sea Kite Sport Boat Shoe,Shoes
Sperry Top-Sider Womens Angelfish 2-Eye Critters Boat Shoe Ivory 7 M US,Shoes
Studded Flat Top Sunglasses Bold Square DG Fashion Sunglasses Unisex,Shoes
TOMS Women's Classics Flat,Shoes
Teva Men's Pajaro Flip-Flop,Shoes
Teva Women's Kayenta Sandal,Shoes
Travel Smart Hand Pouch Bag In Bag Organiser Cosmetic Gadget Purse Organizers Inserts,Shoes
Twisted Girl's Champion Casual Boat Shoe,Shoes
Twisted Women's DRIZZY Tall Cute Rubber Rain Boots,Shoes
Under Armour Women's Valsetz Boots 10 Black,Shoes
Vans Unisex Era Sneakers,Shoes
Versace Collection Black Perforated Leather Loafers Shoes,Shoes
West Blvd Athens Riding Mid-Calf Riding Motorcycle Biker Low Heel Boots,Shoes
West Blvd Womens Cairo Military Lace Up Combat Boots,Shoes
White Mountain Women's Icon,Shoes
adidas Men's 10K Lifestyle Runner Sneaker,Shoes
adidas Outdoor Women's Terrex Fast X GTX Hiking Shoes,Shoes
adidas Performance Men's Thrasher 1.1 M Trail Running Shoe,Shoes
adidas Performance Women's Galaxy Elite W Running Shoe,Shoes
adidas outdoor Men's Ax 2 Hiking Shoe,Shoes
zeroUV - Retro Half Frame Semi-Rimless P3 Round Horn Rimmed Sunglasses,Shoes
