"Premium Quality 20 New Diamond Series Sqaure Empty Clear Plastic Cosmetic Containers 5 Gram Size Pot Jars Eyshadow Container Lot Size: Diameter: 1 1/2"" x 1 1/2"" (Comes With 1 Free Myo Eyeshadow Sample)",Beauty
#1 Blackhead & Blemish Remover Kit - Equinox Acne Treatment - 5 Professional Surgical Extractor Instruments - Easily Cure Pimples Blackheads Comedones Acne and Facial Impurities,Beauty
12 New High Quality Amber 2 ml (5/8 Dram) Glass Bottles with Orifice Reducer and Black Cap.,Beauty
6packs Eyelashes - 747S by Christina,Beauty
Alba Botanica Sunless Tanning Lotion 4 Ounce,Beauty
Andrea Eye Q's Ultra Quick Eye Makeup Remover Pads 65-Count (Pack of 3),Beauty
Antifungal Soap with Tea Tree Oil & Neem 12oz. Helps Wash Away Athletes Foot Body Odor Acne Jock Itch Nail Fungus Ringworm. Foot & Body Wash. 100% Natural Care & Defense Against Skin Irritation,Beauty
Ardell Brow Sculpting Gel - Clear 7.3ml/0.25oz,Beauty
Artnaturals Tea Tree Essential Oil,Beauty
AuraLux Skin Snake Venom Peptide Cream 5% SYN-AKE 1.0 fl. oz/30mL,Beauty
Australian Gold SPF 50 Kids Lotion 8 Ounce,Beauty
Baby Foot Exfoliant Foot Peel Lavender Scented 2.4 Fl. Oz.,Beauty
Bifesta Mandom Eye Makeup Remover 145ml,Beauty
Biore UV Aqua Rich Watery Essence SPF50+/PA++++ (pack of 2),Beauty
Brut Deodorant Round Solid 2.5 Ounces (Pack of 6),Beauty
Burt's Bees Eye Cream for Sensitive Skin 0.5 Ounces,Beauty
Can You Handlebar All-Natural Secondary Moustache Wax : Extra Strength Firm Hold,Beauty
Carolina Herrera 3.4 fl oz Eau De Toilette Spray for Men,Beauty
Clogged Pores Natural Cleansing Kit - Vegan Cleanser Face Wash Soap 3.4 oz and Facial Cream 1.7 oz Care - Shea Olive Jojoba Tea Tree & Almond Oils Blend Set,Beauty
Clubman Club Mend 4 Fluid Ounce,Beauty
Clubman Superhold Styling Gel 16 oz,Beauty
Conair Folding Dryer,Beauty
Conair Xtreme Instant Heat Jumbo And Super Jumbo Hot Rollers,Beauty
CoverGirl Queen Collection Perfect Point Plus Eyeliner Black Onyx 200,Beauty
Crest Pro-Health Advanced Mouthwash with Extra Deep Clean,Beauty
Cynergy Health Science Organic Vitamin C Serum - 20% Vitamin C Serum plus Vegan Hyaluronic Acid with Aloe for Reducing Sun Spots Age Spots Anti-Aging and Anti-Wrinkle Skin,Beauty
David Beckham Homme Cologne By David Beckham For Men,Beauty
DenTek Temparin One Step Max Hold 2.64 gram,Beauty
Deva Curl Light Defining Gel 32 oz,Beauty
Diane D722 Color Perm And Conditioner Processing Caps - 100-Pack - Clear,Beauty
Dotting 5 X 2 Way Marbleizing Dotting Pen Set for Nail Art Manicure Pedicure 4 Ounce,Beauty
Dove Men+Care Body and Face Bar Extra Fresh 4 oz 10 Bar,Beauty
Dr Song Benzoyl Peroxide 10% Acne Cream Gel Treatment Lotion up to 8oz,Beauty
Dudu-Osun African Black Soap 150g (6 pack),Beauty
E.L.F Powder Puffs,Beauty
ECBASKET 500 PCS Stiletto False Nails Short Acrylic Nail Tips 10 sizes Full Coverage Fake Nails(Natural),Beauty
EM-3513W Sleep Mask,Beauty
Elemis Pro-Collagen Marine Cream - 1.7 fl. oz.,Beauty
Elysee Infusion Skin Therapy Elixir 2oz.,Beauty
Estee Lauder Pleasures Flower Eau De Parfum Spray 75ml/2.5oz,Beauty
Etude House Fresh Cherry Tint # 02 RD301,Beauty
EyeBuyExpress Rectangle Black Reading Glasses Half Rim Spring Hinges,Beauty
Goddess Remi Human Hair Weave Bump - Trio 2 4 6,Beauty
Grand Parfums Empty 2ml Amber Glass Micro Mini Rollon Dram Glass Bottles with Metal Roller Balls - Refillable Aromatherapy Essential Oil Roll On - Bulk - 1/2 Dram Pack of 6 -,Beauty
Greenwich Bay CUCUMBER OLIVE OIL Shea Butter Hand & Body Lotion Enriched with Cocoa Butter 16 oz,Beauty
HSI Professional Glider | Ceramic Tourmaline Ionic Flat Iron Hair Straightener | Straightens & Curls with Adjustable Temp | Incl Glove Pouch & Travel Size Argan Oil Hair Treatment | Packaging Varies,Beauty
Hoyts Original Cologne 1868,Beauty
India Temple Incense - Song of India - 120 Stick Large Box,Beauty
InstaNatural Cellulite Cream - With Caffeine and Retinol - Firming Lotion and Dimple Remover for Legs Arms Stomach Buttocks and More - No Wrap Needed - With Jojoba Oil and Vitamin E - 4 OZ,Beauty
InstaNatural Eye Gel Cream - Wrinkle Dark Circle Fine Line & Redness Reducer - Pure & Organic Anti Aging Blend for Men & Women with Hyaluronic Acid - Fight Bags & Lift Skin Under Eyes â€“ 50mlâ€¦,Beauty
Its a 10 it&#39s a 10 Miracle Leave-in Plus Keratin (4.0 oz),Beauty
Jenna Jameson Heartbreaker Perfume parent,Beauty
Jerdon J1015 LED Lighted Makeup Mirror with 5x Magnification White Finish,Beauty
Joy & Karma Topical Vitamin C Anti Aging Serum for Face with Hyaluronic Acid 1 fl oz,Beauty
Julep Stargazer Gel Eye Gliders,Beauty
Kenz Laurenz Â® Cotton Headbands 12 Pack (Available in LOTS of COLORS) - Soft and Stretchy Elastic Yoga Fashion Headband for Teens Women Girls Softball Volleyball Soccer Basketball Dance Cheer Pack Sports Teams Stretch Head Band Set Hair Wrap Accessories Wholesale by Kenz Laurenz,Beauty
Korean Cosmetics_Isa Knox X2D2 Original Hydra Serum_50ml,Beauty
L'Oreal Paris Excellence CrÃ¨me with Pro-Keratine Complex,Beauty
L.A. Girl Matte Flat Finish Pigment Gloss,Beauty
Majestic Pure Essential Oil 100% Pure and Natural with Therapeutic Grade Premium Quality Oil 4fl,Beauty
Maybelline Great Lash Washable Mascara Clear [110] 1 ea,Beauty
Maybelline New York The Nudes Eye Shadow Palette 0.34 oz.,Beauty
Mederma Advanced Scar Gel (50 g),Beauty
Mens Durable Shave Soap Cup Shinning Stainless Steel Shaving Mug Bowl,Beauty
Merkur Futur MK 23C Long-Handled Traditional Double Edge Safety Razor - Excellent Comfort Control and Design - 4.2 Inches Chrome Finish,Beauty
Murad Clarifying Cleanser,Beauty
Nubian Heritage Coconut & Papaya Soap,Beauty
OPTP Original McKenzie Cervical Roll - (703) Pillow for spine and neck support during sleep,Beauty
Olay Smooth Finish Facial Hair Removal Duo - Medium To Coarse Hair Pack of 2 Box.,Beauty
Old Spice Men's Shaver,Beauty
Oral-B Vitality Prowhite Rechargeable Electric Toothbrush 1 Count,Beauty
Orly Nail Lacquer 06 Fluid Ounce,Beauty
PURA DOR Organic Moroccan Argan Oil 100 Percent Pure Cold Pressed and USDA Organic Anti-Aging For Face Hair Skin and Nails 4 Fluid Ounce,Beauty
Palladio Rice Powder,Beauty
Paris Woman Perfume impression of Paris Hilton for Women,Beauty
Philips Sonicare Essence Rechargeable Electric Toothbrush,Beauty
Philips Sonicare Powerup Battery Toothbrush,Beauty
Premium Makeup Sponge Blender Duo â€“ Black and Pink Egg Shaped Colorful Cosmetic Appliator set - Use This Ecotools for Blending Wet or Powder Foundation and Concealer - Get the Quality for Less Price!,Beauty
Proganix Agave Nectar Plus Silica Curling Cream Plus Defrizzant 6 Ounce,Beauty
Revlon Perfect Heat Jumbo 3 Barrel Waver,Beauty
Rose Water,Beauty
Schick Hydro Silk TrimStyle Moisturizing Razor,Beauty
Shea Butter,Beauty
Skulls and Roses Ed Hardy Eau De Parfums for Women,Beauty
Super 6 Serum- w Vitamin C 22% + Hyaluronic Acid + 2.5% Retinol + CoQ10 for 6X Anti-Aging Benefits w Best Natural Astaxanthin & Niacinamide to Fight Wrinkles Fine Lines Acne & Spotsâ€¦,Beauty
Sweet Almond Oil for Skin Hair and Face - Large 16oz - WITH PUMP + FREE Recipe eBook! - All Natural Sensual Massage Oil - Use with Essential Oils and Aromatherapy as a Carrier and Base oil,Beauty
Swissco Suction Cup Mirror 12x Magnification 5 inches,Beauty
System 2 Noticeably Thinning For Fine Hair Kit Nioxin 10.1oz Cleanser 5.07oz Scalp Therapy 3.38oz Scalp Treatment Unisex 3 Pc Kit,Beauty
TRESemmÃ© PERFECTLY (UN)DONE Hair Spray 7.7 oz,Beauty
The Naked Bee Vitmin C Moisturizing Sunscreen SPF 30 5.5 oz (163 ml.),Beauty
TheraBreath Dry Mouth Lozenges,Beauty
UltraSwim Chlorine Removal Shampoo 7 fl oz (207 ml),Beauty
Unite Smoothing Shampoo & Condition 10oz 300ml Duo Set,Beauty
Vintage Lil' Sponge Holder,Beauty
Viviscal Extra Strength Hair Nutrient Tablets,Beauty
Waterpik Aquarius Water Flosser,Beauty
XTAVA Define Lashes Volumizing Waterproof Mascara (Black) - Long-wear Formula with Easy-On Easy-Off Technology (TM) - Fiber Thickening & Lash Lengthening Voluminous Mascara - Smudge Clump and Flake Resistant - Cruelty Free,Beauty
YEOUTH Best Anti Aging Vitamin C Serum with Hyaluronic Acid & Tripeptide 31 Trumps ALL Others. 100% Guaranteed,Beauty
Alprazolam,Drug
Amitiza,Drug
Amitriptyline,Drug
Aripiprazole,Drug
Ativan,Drug
Atripla,Drug
Augmentin XR,Drug
Azithromycin,Drug
Buprenorphine,Drug
Buprenorphine / naloxone,Drug
Bupropion,Drug
Cialis,Drug
Clomiphene,Drug
Clonazepam,Drug
Contrave,Drug
Daytrana,Drug
Dextromethorphan,Drug
Docusate / senna,Drug
Doxycycline,Drug
Drospirenone / ethinyl estradiol,Drug
Dulaglutide,Drug
Dulcolax,Drug
Effexor XR,Drug
Eflornithine,Drug
Elbasvir / grazoprevir,Drug
Estradiol,Drug
Etanercept,Drug
Ethinyl estradiol / levonorgestrel,Drug
Ethinyl estradiol / norgestimate,Drug
Etonogestrel,Drug
Fluconazole,Drug
Fluoxetine,Drug
Fluvoxamine,Drug
Gildess Fe 1 / 20,Drug
Guanfacine,Drug
Imitrex,Drug
Implanon,Drug
Intuniv,Drug
Keppra,Drug
L-methylfolate,Drug
Lamotrigine,Drug
Latuda,Drug
Ledipasvir / sofosbuvir,Drug
Levonorgestrel,Drug
Liraglutide,Drug
Lithium,Drug
Lo Loestrin Fe,Drug
Lybrel,Drug
Metaxalone,Drug
Mobic,Drug
Monistat 7-Day Combination Pack,Drug
Morphine,Drug
MoviPrep,Drug
Nature-Throid,Drug
Nexplanon,Drug
Nilotinib,Drug
NuvaRing,Drug
Opdivo,Drug
Ortho Evra,Drug
Oxcarbazepine,Drug
Oxycodone,Drug
Pentasa,Drug
Phillips' Milk of Magnesia,Drug
Plan B One-Step,Drug
Prepopik,Drug
Pyridium,Drug
Qvar,Drug
Sertraline,Drug
Sildenafil,Drug
Spironolactone,Drug
Sronyx,Drug
Symbyax,Drug
Tamsulosin,Drug
Tioconazole,Drug
Topiramate,Drug
Toradol,Drug
Trazodone,Drug
Tretinoin,Drug
Trilafon,Drug
Trimethoprim,Drug
Valsartan,Drug
Venlafaxine,Drug
Viberzi,Drug
Wellbutrin,Drug
