1,"Baffle ""Birth: Nailed It"" Blue Text White Onesie",Apparel
2,AHOO Women's T Shirt Eastern Washington University 32 DeepHeather,Apparel
3,ANGVNS Ladies Women Sexy Floor Length Strapless Long Dress for Party,Apparel
4,ANGVNS Women's Short Sleeve Off Shoulder White Cotton Top T-shirt Blouse,Apparel
5,Abercrombie & Fitch Women Front Graphic Tee (Large Dark Grey Heather),Apparel
6,Alexander Del Rossa Mens Satin Pajamas Short V-Neck Pj Set,Apparel
7,Amdirect 100W Manicure Pedicure Paraffin Warmer Waxing 400ml 220V Wax Heater Salon Spa,Apparel
8,Amdirect 3M Adjustable Feet Training Speed 8-rung Agility Ladder for Soccer Football Fitness,Apparel
9,Amdirect 5 Drawer Jewelry &amp; Cosmetic Storage Organizer Clear,Apparel
10,Amdirect Foldable Laundry Basket Double Washing 2 Sections Clothes Sorter Basket Storage Hamper,Apparel
11,Amdirect Folding Bungee Chair Lounge for Dorm Room or Back Yard Camping Patio Lawn,Apparel
12,Amdirect Heavy Duty Clothes Movable Shelf Hanger Commercial Grade Clothing Garment Rolling Rack,Apparel
13,Amdirect Musical Instrument Classic Acoustic Beginners Children's 6 String Toy Guitar,Apparel
14,Amdirect Nail Polish Display Black Wire Metal Organizer Wall Rack 120 Bottle,Apparel
15,Amdirect New Bicycle Steel Double Leg Side Kickstand Stand,Apparel
16,Amdirect Professional 252 Colors Ultimate Eyeshadow Palette Cosmetic Makeup Kit Box,Apparel
17,Amdirect Rotating Adjustable Black Metal Floor Stand 35 Hat 7 Tier Cap Display Retail Hat Rack,Apparel
18,Angelina Womens Cozy Pajama Set,Apparel
19,BLACK LIVES MATTER t-shirt protest tyranny,Apparel
20,Bali Passion For Comfort Minimizer Underwire Bra,Apparel
21,Belfry Gangster 100% Wool Stain-Resistant Crushable Dress Fedora in 4 Colors,Apparel
22,Bella 8800 Ladies 3.7 oz. Flowy Racerback Tank Red Marble Large,Apparel
23,Big Texas Flag - Distressed - Toddler Little Boy Hoodie Sweatshirt,Apparel
24,Blair Women's Ruffled Henley Top,Apparel
25,COCOLEGGINGS Womens Fold Over Waist Wide Leg Printed Bell Bottom Pants,Apparel
26,Columbia Women's Benton Springs Full-Zip Fleece Jacket,Apparel
27,Darth Vader T-shirt Pull My Finger and You Will Know the Power of the Dark Side T-Shirt (S-5X),Apparel
28,Deez Nuts for President 2016 Men's Humor Funny T-Shirt,Apparel
29,Deluxe Batman Gloves Costume Accessory,Apparel
30,Denim Shampoo - The Original Denim Wash,Apparel
31,Easy Tool Stainless Steel Fruit Pineapple Corer Slicer Peeler Cut (One size sliver),Apparel
32,Fashionable First Class Quality and Comfortable Tank Tops for Women,Apparel
33,Flowy Womens Mommy Strong Sexy Racerback Gym Tank Top Funny Threadz Shirt,Apparel
34,Fruit of the Loom Boys' A-Shirt (Pack of 4),Apparel
35,Gildan Men's Heavy Blend Crewneck Sweatshirt - Large - White,Apparel
36,Glamorise Women's #1006 Full-Figure Sports Bra,Apparel
37,HBO'S Game of Thrones Men's Targaryen Sigil T-Shirt,Apparel
38,Harriton Men's Barbados Textured Camp Shirt,Apparel
39,JAEDEN Women's Beaded Spaghetti Straps Sexy Long Formal Prom Evening Dresses,Apparel
40,James Fiallo Men's 12-Pairs Low Cut Athletic Sport Socks,Apparel
41,Jerzees Men's Super Sweats Crew Neck Sweatshirt,Apparel
42,Jockey Scrubs Womens Maximum Comfort Pant,Apparel
43,Jockey Women's Underwear Elance Brief - 3 Pack,Apparel
44,Jockey Women's Underwear Supersoft Brief - 3 Pack,Apparel
45,K Sera Sera Men's Tie Neckties Set for Gift Cufflinks+clips+handkerchief,Apparel
46,KRISP Women's Short Sleeve Pleated Front V-Neck Blouse Top Banded Hemline,Apparel
47,KUFF Push-up/Regular Silicone Bra (Detachable straps included),Apparel
48,LaSuiveur Crop Top Sleeveless Two Pieces Skirts Strapless Bodycon Midi Dresses,Apparel
49,Levi's Boys' 514 Straight Fit Jeans,Apparel
50,Levi's Men's 501 Original-Fit Jean,Apparel
51,Lilyette Women's Enchantment Three-Section Unlined Minimizer Underwire Bra,Apparel
52,Luouse Women Vintage 1950's Style 3/4 Sleeves Garden Floral Print Windbreaker Dress,Apparel
53,Match Men's Athletic Fit Straight Leg Casual Pants,Apparel
54,Meaneor Women's Long Sleeve Casual Slim Fit Flare Pleated Round Neckline Dress,Apparel
55,Minimalist Wallet & Credit Card Holder Men with Slim Design by Raw,Apparel
56,New Womens Long Sleeve Blouse Tops Round Neck Plaid Checked Loose Shirt,Apparel
57,Norfolk Branded Men's Cushioned Running / Jogging Ankle Sports Socks - Owens,Apparel
58,Oops Outlet Women's Strappy Cami Cut Off Shoulder Flared Swing Midi Skater Dress,Apparel
59,PUMA Men's BMW Team Polo,Apparel
60,Pink Queen&reg; Womens Fold Over Waist Loose Wide Leg Pants Palazzo Pants,Apparel
61,Pink Queen&reg; Womens High Waisted Loose Wide Leg Pants Palazzo Pants,Apparel
62,Pink Queen&reg; Womens Sleeveless Bodycon Bandage Knee Length Midi Dress,Apparel
63,QueenFee Women's O-neck Boho Long Maxi Dress Blue Small,Apparel
64,RFID Blocking Stylish Genuine Leather Wallet for Men - Excellent as Travel Bifold,Apparel
65,Road to Valhalla Tour Coma-Doof Warrior Mad Max Fury Road Unisex shirt,Apparel
66,Robes King RK Classical Sleepwear Mens Broadcloth Woven Pajama Set,Apparel
67,SEOBEAN Mens Low Rise Sexy Sport Swimwear Trunk Boxer Brief Bikini Swimsuit,Apparel
68,Sentimental NY Womens Clubwear Mini Lace Dress W/ 2-Way Zipper Back,Apparel
69,Simply Southern Tees Long Sleeve Preppy Lobsters Bubblegum,Apparel
70,Soft Long Sleeve Polo Mock Turtleneck T-Shirt Stretch Top XS-L,Apparel
71,Steampunk Victorian Costume Ulysses Side-Button Linen Shirt [Orange],Apparel
72,SweetBridal Sweetheart Sleeveless Halter Evening Dress,Apparel
73,The North Face Women's ThermoBall Hybrid Hoodie - Magic Magenta,Apparel
74,Trendy Suck It Up Buttercup Womens Burnout Tank Top,Apparel
75,V28 Women Cowl Neck Knit Stretchable Elasticity Long Sleeve Slim Fit Sweater Dress,Apparel
76,VIV Collection Best Selling Printed Brushed Leggings Plus Size (L - XXL) Listing 1,Apparel
77,Vanity Fair Women's Perfectly Yours Ravissant Tailored Brief Panty,Apparel
78,Waboats Summer Women Cusual Loose Round Neck Cotton & Linen Dress Beige,Apparel
79,Wacoal Women's B Smooth Hi-Cut Brief Panty High/Rise 2X-Large,Apparel
80,Warner's Women's No Wedgies No Worries Modern Brief Panty,Apparel
81,Women Blue and Black Dresses under $25 for all Occasion,Apparel
82,Women Pencil Skirts under $20 for all Occasion,Apparel
83,Women Pleated Skirts under $20 for all Occasion,Apparel
84,Women's Long Sleeve Chiffon A-line Lace Stitching Trim Mini Dress,Apparel
85,Women's Vintage Boat Neck Audrey Hepburn Sleeve 1950s Rockabilly Cocktail Party Dress,Apparel
86,Womens Maxi Boho Summer Long Skirt Evening Cocktail Party Dress,Apparel
87,Womens Summer Open Shoulder Chiffon Shift Dress,Apparel
88,Wookrays Heavy Duty Basketball Metal Chain Net Official Size Rims Hoop 10 Loop Steel Basketball Net,Apparel
89,Yazubi Men's Chino Pants Kyle Slim-Tapered Casual Pants,Apparel
90,iLover Women Deep-V Neck Elegant Short Sleeve Vintage Bridesmaid Dress,Apparel
91,"Premium Quality 20 New Diamond Series Sqaure Empty Clear Plastic Cosmetic Containers 5 Gram Size Pot Jars Eyshadow Container Lot Size: Diameter: 1 1/2"" x 1 1/2"" (Comes With 1 Free Myo Eyeshadow Sample)",Beauty
92,#1 Blackhead & Blemish Remover Kit - Equinox Acne Treatment - 5 Professional Surgical Extractor Instruments - Easily Cure Pimples Blackheads Comedones Acne and Facial Impurities,Beauty
93,12 New High Quality Amber 2 ml (5/8 Dram) Glass Bottles with Orifice Reducer and Black Cap.,Beauty
94,6packs Eyelashes - 747S by Christina,Beauty
95,Alba Botanica Sunless Tanning Lotion 4 Ounce,Beauty
96,Andrea Eye Q's Ultra Quick Eye Makeup Remover Pads 65-Count (Pack of 3),Beauty
97,Antifungal Soap with Tea Tree Oil & Neem 12oz. Helps Wash Away Athletes Foot Body Odor Acne Jock Itch Nail Fungus Ringworm. Foot & Body Wash. 100% Natural Care & Defense Against Skin Irritation,Beauty
98,Ardell Brow Sculpting Gel - Clear 7.3ml/0.25oz,Beauty
99,Artnaturals Tea Tree Essential Oil,Beauty
100,AuraLux Skin Snake Venom Peptide Cream 5% SYN-AKE 1.0 fl. oz/30mL,Beauty
101,Australian Gold SPF 50 Kids Lotion 8 Ounce,Beauty
102,Baby Foot Exfoliant Foot Peel Lavender Scented 2.4 Fl. Oz.,Beauty
103,Bifesta Mandom Eye Makeup Remover 145ml,Beauty
104,Biore UV Aqua Rich Watery Essence SPF50+/PA++++ (pack of 2),Beauty
105,Brut Deodorant Round Solid 2.5 Ounces (Pack of 6),Beauty
106,Burt's Bees Eye Cream for Sensitive Skin 0.5 Ounces,Beauty
107,Can You Handlebar All-Natural Secondary Moustache Wax : Extra Strength Firm Hold,Beauty
108,Carolina Herrera 3.4 fl oz Eau De Toilette Spray for Men,Beauty
109,Clogged Pores Natural Cleansing Kit - Vegan Cleanser Face Wash Soap 3.4 oz and Facial Cream 1.7 oz Care - Shea Olive Jojoba Tea Tree & Almond Oils Blend Set,Beauty
110,Clubman Club Mend 4 Fluid Ounce,Beauty
111,Clubman Superhold Styling Gel 16 oz,Beauty
112,Conair Folding Dryer,Beauty
113,Conair Xtreme Instant Heat Jumbo And Super Jumbo Hot Rollers,Beauty
114,CoverGirl Queen Collection Perfect Point Plus Eyeliner Black Onyx 200,Beauty
115,Crest Pro-Health Advanced Mouthwash with Extra Deep Clean,Beauty
116,Cynergy Health Science Organic Vitamin C Serum - 20% Vitamin C Serum plus Vegan Hyaluronic Acid with Aloe for Reducing Sun Spots Age Spots Anti-Aging and Anti-Wrinkle Skin,Beauty
117,David Beckham Homme Cologne By David Beckham For Men,Beauty
118,DenTek Temparin One Step Max Hold 2.64 gram,Beauty
119,Deva Curl Light Defining Gel 32 oz,Beauty
120,Diane D722 Color Perm And Conditioner Processing Caps - 100-Pack - Clear,Beauty
121,Dotting 5 X 2 Way Marbleizing Dotting Pen Set for Nail Art Manicure Pedicure 4 Ounce,Beauty
122,Dove Men+Care Body and Face Bar Extra Fresh 4 oz 10 Bar,Beauty
123,Dr Song Benzoyl Peroxide 10% Acne Cream Gel Treatment Lotion up to 8oz,Beauty
124,Dudu-Osun African Black Soap 150g (6 pack),Beauty
125,E.L.F Powder Puffs,Beauty
126,ECBASKET 500 PCS Stiletto False Nails Short Acrylic Nail Tips 10 sizes Full Coverage Fake Nails(Natural),Beauty
127,EM-3513W Sleep Mask,Beauty
128,Elemis Pro-Collagen Marine Cream - 1.7 fl. oz.,Beauty
129,Elysee Infusion Skin Therapy Elixir 2oz.,Beauty
130,Estee Lauder Pleasures Flower Eau De Parfum Spray 75ml/2.5oz,Beauty
131,Etude House Fresh Cherry Tint # 02 RD301,Beauty
132,EyeBuyExpress Rectangle Black Reading Glasses Half Rim Spring Hinges,Beauty
133,Goddess Remi Human Hair Weave Bump - Trio 2 4 6,Beauty
134,Grand Parfums Empty 2ml Amber Glass Micro Mini Rollon Dram Glass Bottles with Metal Roller Balls - Refillable Aromatherapy Essential Oil Roll On - Bulk - 1/2 Dram Pack of 6 -,Beauty
135,Greenwich Bay CUCUMBER OLIVE OIL Shea Butter Hand & Body Lotion Enriched with Cocoa Butter 16 oz,Beauty
136,HSI Professional Glider | Ceramic Tourmaline Ionic Flat Iron Hair Straightener | Straightens & Curls with Adjustable Temp | Incl Glove Pouch & Travel Size Argan Oil Hair Treatment | Packaging Varies,Beauty
137,Hoyts Original Cologne 1868,Beauty
138,India Temple Incense - Song of India - 120 Stick Large Box,Beauty
139,InstaNatural Cellulite Cream - With Caffeine and Retinol - Firming Lotion and Dimple Remover for Legs Arms Stomach Buttocks and More - No Wrap Needed - With Jojoba Oil and Vitamin E - 4 OZ,Beauty
140,InstaNatural Eye Gel Cream - Wrinkle Dark Circle Fine Line & Redness Reducer - Pure & Organic Anti Aging Blend for Men & Women with Hyaluronic Acid - Fight Bags & Lift Skin Under Eyes â€“ 50mlâ€¦,Beauty
141,Its a 10 it&#39s a 10 Miracle Leave-in Plus Keratin (4.0 oz),Beauty
142,Jenna Jameson Heartbreaker Perfume parent,Beauty
143,Jerdon J1015 LED Lighted Makeup Mirror with 5x Magnification White Finish,Beauty
144,Joy & Karma Topical Vitamin C Anti Aging Serum for Face with Hyaluronic Acid 1 fl oz,Beauty
145,Julep Stargazer Gel Eye Gliders,Beauty
146,Kenz Laurenz Â® Cotton Headbands 12 Pack (Available in LOTS of COLORS) - Soft and Stretchy Elastic Yoga Fashion Headband for Teens Women Girls Softball Volleyball Soccer Basketball Dance Cheer Pack Sports Teams Stretch Head Band Set Hair Wrap Accessories Wholesale by Kenz Laurenz,Beauty
147,Korean Cosmetics_Isa Knox X2D2 Original Hydra Serum_50ml,Beauty
148,L'Oreal Paris Excellence CrÃ¨me with Pro-Keratine Complex,Beauty
149,L.A. Girl Matte Flat Finish Pigment Gloss,Beauty
150,Majestic Pure Essential Oil 100% Pure and Natural with Therapeutic Grade Premium Quality Oil 4fl,Beauty
151,Maybelline Great Lash Washable Mascara Clear [110] 1 ea,Beauty
152,Maybelline New York The Nudes Eye Shadow Palette 0.34 oz.,Beauty
153,Mederma Advanced Scar Gel (50 g),Beauty
154,Mens Durable Shave Soap Cup Shinning Stainless Steel Shaving Mug Bowl,Beauty
155,Merkur Futur MK 23C Long-Handled Traditional Double Edge Safety Razor - Excellent Comfort Control and Design - 4.2 Inches Chrome Finish,Beauty
156,Murad Clarifying Cleanser,Beauty
157,Nubian Heritage Coconut & Papaya Soap,Beauty
158,OPTP Original McKenzie Cervical Roll - (703) Pillow for spine and neck support during sleep,Beauty
159,Olay Smooth Finish Facial Hair Removal Duo - Medium To Coarse Hair Pack of 2 Box.,Beauty
160,Old Spice Men's Shaver,Beauty
161,Oral-B Vitality Prowhite Rechargeable Electric Toothbrush 1 Count,Beauty
162,Orly Nail Lacquer 06 Fluid Ounce,Beauty
163,PURA DOR Organic Moroccan Argan Oil 100 Percent Pure Cold Pressed and USDA Organic Anti-Aging For Face Hair Skin and Nails 4 Fluid Ounce,Beauty
164,Palladio Rice Powder,Beauty
165,Paris Woman Perfume impression of Paris Hilton for Women,Beauty
166,Philips Sonicare Essence Rechargeable Electric Toothbrush,Beauty
167,Philips Sonicare Powerup Battery Toothbrush,Beauty
168,Premium Makeup Sponge Blender Duo â€“ Black and Pink Egg Shaped Colorful Cosmetic Appliator set - Use This Ecotools for Blending Wet or Powder Foundation and Concealer - Get the Quality for Less Price!,Beauty
169,Proganix Agave Nectar Plus Silica Curling Cream Plus Defrizzant 6 Ounce,Beauty
170,Revlon Perfect Heat Jumbo 3 Barrel Waver,Beauty
171,Rose Water,Beauty
172,Schick Hydro Silk TrimStyle Moisturizing Razor,Beauty
173,Shea Butter,Beauty
174,Skulls and Roses Ed Hardy Eau De Parfums for Women,Beauty
175,Super 6 Serum- w Vitamin C 22% + Hyaluronic Acid + 2.5% Retinol + CoQ10 for 6X Anti-Aging Benefits w Best Natural Astaxanthin & Niacinamide to Fight Wrinkles Fine Lines Acne & Spotsâ€¦,Beauty
176,Sweet Almond Oil for Skin Hair and Face - Large 16oz - WITH PUMP + FREE Recipe eBook! - All Natural Sensual Massage Oil - Use with Essential Oils and Aromatherapy as a Carrier and Base oil,Beauty
177,Swissco Suction Cup Mirror 12x Magnification 5 inches,Beauty
178,System 2 Noticeably Thinning For Fine Hair Kit Nioxin 10.1oz Cleanser 5.07oz Scalp Therapy 3.38oz Scalp Treatment Unisex 3 Pc Kit,Beauty
179,TRESemmÃ© PERFECTLY (UN)DONE Hair Spray 7.7 oz,Beauty
180,The Naked Bee Vitmin C Moisturizing Sunscreen SPF 30 5.5 oz (163 ml.),Beauty
181,TheraBreath Dry Mouth Lozenges,Beauty
182,UltraSwim Chlorine Removal Shampoo 7 fl oz (207 ml),Beauty
183,Unite Smoothing Shampoo & Condition 10oz 300ml Duo Set,Beauty
184,Vintage Lil' Sponge Holder,Beauty
185,Viviscal Extra Strength Hair Nutrient Tablets,Beauty
186,Waterpik Aquarius Water Flosser,Beauty
187,XTAVA Define Lashes Volumizing Waterproof Mascara (Black) - Long-wear Formula with Easy-On Easy-Off Technology (TM) - Fiber Thickening & Lash Lengthening Voluminous Mascara - Smudge Clump and Flake Resistant - Cruelty Free,Beauty
188,YEOUTH Best Anti Aging Vitamin C Serum with Hyaluronic Acid & Tripeptide 31 Trumps ALL Others. 100% Guaranteed,Beauty
189,Alprazolam,Drug
190,Amitiza,Drug
191,Amitriptyline,Drug
192,Aripiprazole,Drug
193,Ativan,Drug
194,Atripla,Drug
195,Augmentin XR,Drug
196,Azithromycin,Drug
197,Buprenorphine,Drug
198,Buprenorphine / naloxone,Drug
199,Bupropion,Drug
200,Cialis,Drug
201,Clomiphene,Drug
202,Clonazepam,Drug
203,Contrave,Drug
204,Daytrana,Drug
205,Dextromethorphan,Drug
206,Docusate / senna,Drug
207,Doxycycline,Drug
208,Drospirenone / ethinyl estradiol,Drug
209,Dulaglutide,Drug
210,Dulcolax,Drug
211,Effexor XR,Drug
212,Eflornithine,Drug
213,Elbasvir / grazoprevir,Drug
214,Estradiol,Drug
215,Etanercept,Drug
216,Ethinyl estradiol / levonorgestrel,Drug
217,Ethinyl estradiol / norgestimate,Drug
218,Etonogestrel,Drug
219,Fluconazole,Drug
220,Fluoxetine,Drug
221,Fluvoxamine,Drug
222,Gildess Fe 1 / 20,Drug
223,Guanfacine,Drug
224,Imitrex,Drug
225,Implanon,Drug
226,Intuniv,Drug
227,Keppra,Drug
228,L-methylfolate,Drug
229,Lamotrigine,Drug
230,Latuda,Drug
231,Ledipasvir / sofosbuvir,Drug
232,Levonorgestrel,Drug
233,Liraglutide,Drug
234,Lithium,Drug
235,Lo Loestrin Fe,Drug
236,Lybrel,Drug
237,Metaxalone,Drug
238,Mobic,Drug
239,Monistat 7-Day Combination Pack,Drug
240,Morphine,Drug
241,MoviPrep,Drug
242,Nature-Throid,Drug
243,Nexplanon,Drug
244,Nilotinib,Drug
245,NuvaRing,Drug
246,Opdivo,Drug
247,Ortho Evra,Drug
248,Oxcarbazepine,Drug
249,Oxycodone,Drug
250,Pentasa,Drug
251,Phillips' Milk of Magnesia,Drug
252,Plan B One-Step,Drug
253,Prepopik,Drug
254,Pyridium,Drug
255,Qvar,Drug
256,Sertraline,Drug
257,Sildenafil,Drug
258,Spironolactone,Drug
259,Sronyx,Drug
260,Symbyax,Drug
261,Tamsulosin,Drug
262,Tioconazole,Drug
263,Topiramate,Drug
264,Toradol,Drug
265,Trazodone,Drug
266,Tretinoin,Drug
267,Trilafon,Drug
268,Trimethoprim,Drug
269,Valsartan,Drug
270,Venlafaxine,Drug
271,Viberzi,Drug
272,Wellbutrin,Drug
273,"10-11mm Baroque Freshwater Cultured Pearl Endless Necklace 32"" 60"" 64"" In Dyed and Natural Colors",Jewelry
274,"14K Yellow Gold Braided Rope Bracelet 7.25""",Jewelry
275,"16g Clear Curved Eyebrow Ring Body Jewelry Piercing Retainer with O Ring 16 Gauge 3/8"" By Eg Gifts",Jewelry
276,"3-row White A Grade Freshwater Cultured Pearl Necklace (6.5-7.5mm) 16.5"" 17""/18""",Jewelry
277,"Authentic ""Retired"" Murano Glass Crystal Charm Bead for Pandora Bracelets Black /white Swirly Swirl 790676 Threaded Core 925 Sterling Silver for Chamilia Too",Jewelry
278,"Chain 22K 23K 24K THAI BAHT GOLD GP NECKLACE 24"" 50 Grams Jewelry",Jewelry
279,"Disney ""Princess"" Girl's Sterling Silver Pink Cubic Zirconia Heart Pendant Necklace and Chain 18""",Jewelry
280,"Dogeared Reminder ""Good Luck"" Elephant Pendant Necklace 16""",Jewelry
281,"Industrial Barbell Black Titanium Anodized 14G 1 1/2""Length",Jewelry
282,"Pro Jewelry Dangling ""Cat w/ Heart"" Clip-on Bead for Charm Bracelet 04843",Jewelry
283,"Silver Tone Micro Baby Angel Pendant 2mm 24"" Box Chain Necklace MMP1RBX",Jewelry
284,"Sterling Silver Circle ""Friends Forever"" Infinity Symbol Pendant Necklace 18""",Jewelry
285,"Sterling Silver Family Pendant Necklace 18""",Jewelry
286,(C) Smiley Face Sun Charm,Jewelry
287,1 Pair of 00 Gauge (00G - 10mm) Double Flare Emerald Green Glass Tunnel Plugs,Jewelry
288,14 Karat White Gold Heart Shape 1.00 Carats Created Alexandrite Diamond Pendant,Jewelry
289,2.95 Ct Halo Cubic Zirconia Stainless Steel Engagement Ring Band Women's Sz 5-10,Jewelry
290,21 ct. Oval CZ Solitaire Ring,Jewelry
291,3 Ring Guards 14K Gold Filled Ladies Jewelry Sizers,Jewelry
292,316L Stainless Steel Apple Green Cubic Zirconia CZ Eternity Wedding 3MM Band Ring,Jewelry
293,6MM Ladies Eternity Titanium Ring Cubic Zirconia Wedding Band with CZ sizes 4 to 9,Jewelry
294,6mm Wide 316L Stainless Steel Ring 5 clear CZ gem Band,Jewelry
295,8mm Men's Titanium Ring Wedding Band Silver Black Round Cubic Zirconia Size 7-15 SPJ,Jewelry
296,925 Sterling Silver Celtic Knot Eternity Band Ring,Jewelry
297,925 Sterling Silver Cubic Zirconia CZ Promise Engagement 2.15 ct.tw Band Ring,Jewelry
298,925 Sterling Silver Finish 6ct Simulated Diamond Stud Set,Jewelry
299,925 Sterling Silver Sis Sister Heart Charm Bracelet,Jewelry
300,A Pair Nipple rings Flower shape Nickel free nipple shield Copper fashion women body piercing jewelry,Jewelry
301,Beads Hunter 925 Sterling Silver Gold on Blue Starbursts Glass Bead Fits European Bracelet,Jewelry
302,Black Stainless Steel Dragon Stud Earrings for Men,Jewelry
303,Black Stainless Steel Illusion Round Tunnel Plug Post Stud Earrings 5mm,Jewelry
304,Body Accentz&reg; Belly Button Navel Ring Body Jewelry 14g Double Gem Lot of 8,Jewelry
305,CHOOSE YOUR COLOR Sterling Silver Heart Promise Ring,Jewelry
306,Cascading strands of Gray and White Faux Pearls - Gunmetal Steel and White Pearls,Jewelry
307,Cavalier Jewelers 8MM Cobalt Chrome Ring Wedding Band - Flat Brushed Top and Polished Finish Edges,Jewelry
308,Claire's Accessories Girls Gold Chain Link Stretch Bracelet,Jewelry
309,Crystal Stretch Adjustable Ring,Jewelry
310,DSJ Stainless Steel Rose Wood Inlay Silver Beveled Edge Band Ring,Jewelry
311,Dainty Double Initial Necklace with Adjustable Chain and Extender,Jewelry
312,Disney Tsum Tsum Dumbo Pin,Jewelry
313,EVER FAITH Austrian Crystal Vintage Style 4.5 Inch Parrot Brooch Pendant,Jewelry
314,Essential Oils Aromatherapy Diffuser Locket Necklace,Jewelry
315,Everbling Purple and Clear Briolette Drop Swarovski Elements Crystal Earrings,Jewelry
316,Exquisite Mens Bangle Bracelet Stainless Steel Cuff Bracelet Grooved Polished and Satin,Jewelry
317,FAIRY COUPLE Women's Cubic Zirconia Eternity Bands Engagement Ring R21,Jewelry
318,Fun Daisy New Design Jewelry Vintage Grand Choker Rhinestones Fashion Necklace,Jewelry
319,GULICX Jewelry Rose Gold Tone Hollow Clear CZ Zircon Fit Gorgeous Hoop Earring for girl,Jewelry
320,Genuine Natural Baltic Amber Adjustable Stretch Ring for Women,Jewelry
321,Goldtone with Fashionable Woman Adjustable 17 Inch Rolo Chain Necklace with Matching Stud Earrings Set (B-2698),Jewelry
322,Harry Potter golden snitch OWL Style Flying ball necklace,Jewelry
323,Heirloom Finds Sparking Crystal Kitten Cat Animal Pendant Necklace Silver Tone,Jewelry
324,Hokage Naruto Pendant Necklace Double Bands Konoha Sign,Jewelry
325,Horizontal Sideway Lateral Cross Pendant Necklace Stainless Steel with 20 inches Chain,Jewelry
326,Hypoallergenic Sterling Silver Aurora Borealis Aqua Crystal Round Stud Earrings for Kids (Nickel Free),Jewelry
327,JOTW Heart Bracelet 12mm Cuban Link Toggle Chain Iced Out Sparkling Crystal Stones Bracelet for Women (S-1660),Jewelry
328,Jenaforte Â© .925 Sterling Silver Expandable Charm Bangle Bracelets Expandable Available in Size's,Jewelry
329,Jenaforte Â© .925 Sterling Silver Expandable Charm Bangle Bracelets with Mix Charms,Jewelry
330,Jenaforte Â© .925 Sterling Silver Rhodium Plated Enameled Red Crab Charm,Jewelry
331,JewelrieShop Unisex Handmade Raw Made Real Genuine Leather Cuff Bracelet Wristband Adjustable,Jewelry
332,KONOV Mens Stainless Steel Ring Classic Vintage Blue,Jewelry
333,KONOV Mens Stainless Steel Ring Gothic Skull Hand Claw Poker Playing Card Black,Jewelry
334,Kenneth Cole New York Two-Row Necklace,Jewelry
335,Large Watch/Cuff Bracelet Jewelry Gift Box: Carnival Collection,Jewelry
336,MBOX Expandable Antique Gold ToneAntique Sliver Tone & Antique Bronze Letters Wire Bangle Bracelet,Jewelry
337,Magnoli Clothiers Doctor Who Style Capaldi Ring,Jewelry
338,Metal Factory 925 Sterting Silver Plumeria Cubic Zirconia CZ with Maile Leaf Hawaiian Flower Band Ring,Jewelry
339,NINABOXÂ® Valentine's Gifts SWAROVSKI ELEMENTS Zirconia Tennis Bracelet Fashion Wedding Jewelry,Jewelry
340,NermixÂ® Harry Potter Time-Turner Rotating Hourglass Pendant Alloy Necklace (Golden),Jewelry
341,Non-piercing Septum Jewelry: Gold Silver Tone Tribal Hanger 4 pcs Nose Ring (No Piercing Required),Jewelry
342,Pair of 2 Rings: 16g 1/2 Inch Surgical Steel Segment Hoop Ring Circular Barbell Earrings,Jewelry
343,Remedios Bridal Flower Side Hair Comb Wedding Accessory Rhinestone Headpiece,Jewelry
344,Rope Braided Band Simulated Coral Fashion Bali Ring New .925 Sterling Silver Sizes 6-9,Jewelry
345,Royal Blue/White KC ROYALS Silver Tone Multi Charm Toggle Bracelet Kansas City Sports,Jewelry
346,SHINYSO 22'' 2.0mm Stainless Steel Silver Women's Necklace O Chain-22 Inch,Jewelry
347,SUNNOW Women Grils Bohemian Jewelry Alloy Pendant Multilayer Short Necklace,Jewelry
348,SankuwenÂ® Fashional 7pcs Stack Plain Rings Cute Eye Bowknot Crown Rhinestone Joint Rings,Jewelry
349,Scheppend Polymer Clay Cute Cartoon Fox Handmade Stud Earrings Â¡Â­,Jewelry
350,Set of 3 Nose Rings: 22g Sterling Silver CZ Nose Studs - Clear Pink & Light Purple,Jewelry
351,Skyvan One Piece Bride Ankle Bracelet Crochet for Women Sandals Beach Foot Jewelry Anklet Rhinestone Barefoot,Jewelry
352,Stainless Steel Designer Inspired Screw Head Oval Bangle Bracelet Rose gold 7mm Wide (8 Inches),Jewelry
353,Sterling Silver 2ct Diamond Three Row Bracelet,Jewelry
354,Sterling Silver 3mm 24 Inch Beaded Rosary Necklace with Dangling Cross (I-1520),Jewelry
355,Sterling Silver 8-9mm White Hand-pick Genuine Cultured Freshwater Pearl High Luster Stud Earring.,Jewelry
356,Sterling Silver Bezel-Set Faceted Circle CZ Station by the Yard Necklace,Jewelry
357,Sterling Silver Faceted Genuine Amethyst Pear Shape Pendant and Earrings Set (19.50 cttw With 18 Inch Silver Chain),Jewelry
358,Sterling Silver Infinity Twist Bead Dangle Earrings,Jewelry
359,Sterling Silver Italian 1.4 mm Singapore-Chain Necklace,Jewelry
360,Sterling Silver Knitting Wool Ball Bead for European Charm Bracelets,Jewelry
361,Sterling Silver Plain 3 mm Classic Domed Wedding Band Thumb Ring (4 to 13),Jewelry
362,Surgical Stainless Steel Domed 9mm Fishbone Ring Wedding Band Comfort-Fit sizes 7 - 14,Jewelry
363,TEMEGO Jewelry Mens 2pcs Rhodium Plated Vintage Superman Symbol Wedding Cufflinks Shirt Cufflinks Black Silver,Jewelry
364,TIR-0008 Solid Titanium Rose Gold IP 6mm Wide Classic Band Ring; Comes With Free Gift Box,Jewelry
365,Women Gold Plated Jewelry set Red & Green Beads Crystal Necklace Earrings Bracelet Ring,Jewelry
366,Womens Copper Platinum Plated Tennis Bracelet with Cubic Zirconia Purple,Jewelry
367,YAZILIND Jewelry Full Pretty Dolphin Brooches and Pins for Wedding Party,Jewelry
368,YAZILIND Valentine Day Gift Cute y Lying Cat Ear Wire Hook Dangle Earrings,Jewelry
369,Zehui Chap Turquoise Beads Tibetan Silver Cute Elephant Stretch Bangle Bracelet,Jewelry
370,niceEshop(TM)Classic Vintage Champagne Cross Pendant With Chain,Jewelry
371,zjskin6688 store New fashion Hip-Hop African Map Pendant Wood Bead Rosary Necklaces,Jewelry
372,"Carolina Mens 6"" Waterproof Broad Composite Toe Work Boot",Shoes
373,"Timberland Pro Men's Titan 6"" Lace-to-Toe Safety Toe Boot",Shoes
374,"Women's Fun Design Lightweight & Comfortable Nurse Clogs Plus A FREE ""SHOP USA"" Brand Eyemask (RUNS BIG)(Paisley) 9",Shoes
375,ASICS Men's GEL-Contend 3 Running Shoe,Shoes
376,ASICS Men's GEL-Venture 4,Shoes
377,ASICS Men's Gel Kayano 21 Running Shoe,Shoes
378,ASICS Men's JB Elite Wrestling Shoe,Shoes
379,ASICS Women's GEL-Kayano 21 Running Shoe,Shoes
380,ASICS Women's GEL-Nimbus 16 Running Shoe,Shoes
381,AVIA Men's Avi-Union Service Shoe,Shoes
382,Aerosoles Women's Wip Zone Sandal,Shoes
383,Alegria Women's Seville Clog,Shoes
384,Anne Klein Perfect Pair Wristlet,Shoes
385,Ariat Women's Krista Pull-on Steel Toe Western Cowboy Boot,Shoes
386,BOBS from Skechers Women's Pureflex Fashion Slip-On Flat,Shoes
387,Baggallini Sling Crossbody,Shoes
388,Baggallini Town Tote -Giraffe Printed,Shoes
389,Birkenstock Unisex Como Thong Sandal,Shoes
390,Birki's Super Birki Unisex Clog,Shoes
391,Brooks Mens Ravenna 6,Shoes
392,Brooks Womens Ariel 14,Shoes
393,Bundle Monster Womens Vintage Satin Cocktail Party Handbag w/Shoulder Chain-BLACK,Shoes
394,Columbia Women's Bugaboot Snow Boot,Shoes
395,Comfy Feet Womens Snooki House Slippers,Shoes
396,Crocs Women's Capri Leopard Print Flip-Flop,Shoes
397,Crocs Women's Cyprus IV Heel,Shoes
398,Crocs Women's Shayna Realtree Xtra Mary Jane,Shoes
399,DC Men's Court Graffik SE Skateboarding Shoe,Shoes
400,DC Women's Haven SP Skate Shoe,Shoes
401,Dr. Marten's Women's 1460 Black Patent Lamper Boots,Shoes
402,Dr. Martens Mens Original 8053 Oxford,Shoes
403,Dunham Men's Blair Slip-On,Shoes
404,ECCO Men's Chander Retro Sneaker,Shoes
405,Etonic Women's Minado 5 MC W Walking Shoe,Shoes
406,FabuxryÂ® Casual Canvas Zipper Single Adjustable Strap Shoulder Bags Messenger Crossbody Handbags,Shoes
407,Foot Sox Original Sanitary Disposable Try on Socks,Shoes
408,Forever Link Womens Vera-82 Sandals,Shoes
409,G By Guess Women Varika Mary Jane Platform Pumps US,Shoes
410,Hi-Tec Kid's Nepal Waterproof Junior Hiking Boot (Toddler/Little Kid/Big Kid),Shoes
411,Hoka One One Conquest Ladies Running Shoes,Shoes
412,Hoka One One Men's Stinson Lite Shoe,Shoes
413,KEEN Women's Rose Slide Sandal,Shoes
414,LogoLenses Wedding Classic Sunglasses,Shoes
415,Lucky Brand Women's Lk-Emmie Ballet Flat,Shoes
416,Luxehome Women's Cozy Fleece House Slippers,Shoes
417,MESSI 15.3 FG/AG SOCCER SHOES (8.5),Shoes
418,MJ Eyewear New Vintage Classic Sunglasses Half Frame Semi-Rimless Retro Classic Glasses,Shoes
419,Men's Sebago Douglas,Shoes
420,Merrell Men's Mojave Mid Waterproof Hiking Boot,Shoes
421,Minnetonka Men's Double Deerskin Softsole Moccasin,Shoes
422,Mohem Men's Poseidon Fashion Sneakers Casual Walking Shoes Water Shoes,Shoes
423,MyLuxÂ® Women Fashion Designer Rhinestone Studs Tote Handbag 900,Shoes
424,Naturalizer Women's Happening Dress Sandal,Shoes
425,New Balance Men's MX608V4 Training Shoe,Shoes
426,New Balance Women's W850v1 Running Shoe,Shoes
427,New Balance Women's WW411 Health Walking Shoe,Shoes
428,Nike Men's KD VII BHM EP BHM-BLACK/WHITE-WOLF GREY,Shoes
429,Nike Womens Air Rift Mesh Trainers,Shoes
430,Nine West Women's Blustery Suede Ballet Flat,Shoes
431,Oakley Jupiter Non-Polarized Square Sunglasses,Shoes
432,Olukai Nohea Mesh Shoe - Men's,Shoes
433,OverBling Sneakers for Men Casual Men Shoes Genuine Leather Shoes Slip On Boat Loafers,Shoes
434,Propet Women's Mary Jane,Shoes
435,Puma Trinomic XS 850 Mi Mens Black Sneakers,Shoes
436,RYKA Women's Vida RZX Cross-Training Shoe,Shoes
437,Reef Women's Scrunch TX Flip-Flop,Shoes
438,Refresh Mara-06 Womens Ankle Strap Comfort Wide Band Platform Wedge Sandals,Shoes
439,Relic Caraway Double Shoulder Bag,Shoes
440,Rocket Dog Women's Wavey Hampton Cotton Santa Barbra Webbing Slip-On Shoe,Shoes
441,Salomon Women's Fellraiser W Trail Running Shoe,Shoes
442,Sanuk Women's On The Prowl Flat Shoe,Shoes
443,Saucony Originals Men's Jazz Low Pro Vegan Sneaker,Shoes
444,Shoe Goo Repair Adhesive for Fixing Worn Shoes or Boots Clear 3.7-Ounce Tube,Shoes
445,Shoes 18 Womens Canvas Shoes Lace up Sneakers 18 Colors Available,Shoes
446,Skechers Kids Damager Game Kicks Light-Up Sneaker,Shoes
447,Skechers Performance Women's Go Walk Extend Slip-On Walking Shoe,Shoes
448,Skechers Sport Men's Equalizer Persistent Slip-On Sneaker,Shoes
449,Skechers Sport Women's Loving Life Memory Foam Fashion Sneaker,Shoes
450,Skechers Women's Reggae Sun Fest Sandal,Shoes
451,Sperry Top-Sider Men's Sea Kite Sport Boat Shoe,Shoes
452,Sperry Top-Sider Womens Angelfish 2-Eye Critters Boat Shoe Ivory 7 M US,Shoes
453,Studded Flat Top Sunglasses Bold Square DG Fashion Sunglasses Unisex,Shoes
454,TOMS Women's Classics Flat,Shoes
455,Teva Men's Pajaro Flip-Flop,Shoes
456,Teva Women's Kayenta Sandal,Shoes
457,Travel Smart Hand Pouch Bag In Bag Organiser Cosmetic Gadget Purse Organizers Inserts,Shoes
458,Twisted Girl's Champion Casual Boat Shoe,Shoes
459,Twisted Women's DRIZZY Tall Cute Rubber Rain Boots,Shoes
460,Under Armour Women's Valsetz Boots 10 Black,Shoes
461,Vans Unisex Era Sneakers,Shoes
462,Versace Collection Black Perforated Leather Loafers Shoes,Shoes
463,West Blvd Athens Riding Mid-Calf Riding Motorcycle Biker Low Heel Boots,Shoes
464,West Blvd Womens Cairo Military Lace Up Combat Boots,Shoes
465,White Mountain Women's Icon,Shoes
466,adidas Men's 10K Lifestyle Runner Sneaker,Shoes
467,adidas Outdoor Women's Terrex Fast X GTX Hiking Shoes,Shoes
468,adidas Performance Men's Thrasher 1.1 M Trail Running Shoe,Shoes
469,adidas Performance Women's Galaxy Elite W Running Shoe,Shoes
470,adidas outdoor Men's Ax 2 Hiking Shoe,Shoes
471,zeroUV - Retro Half Frame Semi-Rimless P3 Round Horn Rimmed Sunglasses,Shoes
